fullName,phoneNumber,email
Lucas Sunman,89689374428,lsunman0@tuttocitta.it
Hendrik Durdy,89831249865,hdurdy1@gravatar.com
Jessee Skeermor,89077353462,jskeermor2@gizmodo.com
Callida Maffia,89386329725,cmaffia3@ed.gov
Caria Lars,89103935109,clars4@businesswire.com
Niel Sarah,89713417725,nsarah5@yandex.ru
Carny Parnham,89009646690,cparnham6@spiegel.de
Shanna Cawdery,89349277082,scawdery7@altervista.org
Lea Shipton,89716738119,lshipton8@delicious.com
Deanna Severwright,89427246098,dseverwright9@cbsnews.com
Fowler Zambon,89237307241,fzambona@kickstarter.com
Aguie Francioli,89795109781,afranciolib@oracle.com
Daven Elves,89675512619,delvesc@soup.io
Ibbie Ledingham,89530355715,iledinghamd@technorati.com
Gerianne Necolds,89676527369,gnecoldse@fc2.com
Adan Dunkerton,89395150745,adunkertonf@ftc.gov
Daven Quarry,89980994043,dquarryg@princeton.edu
Odette Greeno,89198750779,ogreenoh@xing.com
Antonina Kintzel,89310421341,akintzeli@sphinn.com
Wallas Gillaspy,89037148832,wgillaspyj@npr.org
