1,Vivien,Pavel,23
2,Jessika,Hallsworth,20
3,Rhys,Keelan,20
4,Bank,Riddiough,20
5,Lainey,Anton,22
6,Daile,Bowen,25
7,Shelton,Collings,20
8,Xenia,Dallan,20
9,Padget,Patinkin,20
10,Giraldo,St. Leger,24
11,Juliette,Gidney,24
12,Elliot,Hatherleigh,22
13,Jamie,Load,22
14,Tony,McAteer,20
15,Tobin,Glowacki,21
16,Myrtle,Puttergill,25
17,Gwen,Antczak,21
18,Erina,Vaughn,25
19,Westbrooke,Lovat,21
20,Yancey,Orry,25
21,Micheline,Bladge,23
22,Ailis,Perigoe,24
23,Yolanthe,Stannard,21
24,Foster,Wallbank,24
25,Ricardo,Patrickson,21
26,Alexandro,Ternouth,25
27,Thaddeus,Tearny,24
28,Emogene,Ochiltree,25
29,Cherise,Winsome,21
30,Gan,Brame,25
31,Roger,Lowy,20
32,Christan,Swales,22
33,Eleanore,Andreini,21
34,Darbee,Piccard,25
35,Christoffer,Pinnell,23
36,Sarge,Van Vuuren,25
37,Godard,Considine,24
38,Merle,Aronstam,20
39,Beniamino,Vittery,23
40,Hugo,Pryor,24
41,Lindy,Behr,21
42,Francis,Whitmell,23
43,Bernardo,Copplestone,22
44,Millie,Guyan,21
45,Hailee,Daspar,21
46,Moreen,Teggin,22
47,Pennie,Wyeth,24
48,Adelind,Drysdell,21
49,Clemmie,Davidove,25
50,Malia,Bester,22
51,Vinnie,Sawter,23
52,Crysta,Matthias,22
53,Deloris,Enns,23
54,Casandra,Haysman,24
55,Gillan,Chatten,23
56,Toddy,Humphery,22
57,Cristi,Wilmore,24
58,Kevan,Crutchley,25
59,Conrade,Really,23
60,Welbie,Melley,25
61,Vin,Wernham,21
62,Harris,Bardey,24
63,Skell,Fassbender,25
64,Mitchael,Lassetter,23
65,Gal,Stamper,22
66,Manfred,Toffel,25
67,Aymer,MacKimmie,24
68,Cordie,Guymer,22
69,Jemima,Pohl,23
70,Emmery,Snowden,20
71,Ros,Barwick,25
72,Kerby,Gosby,22
73,Elston,Szapiro,23
74,Wrennie,Laydel,24
75,Maurita,Leal,23
76,Rose,Jedras,24
77,Suzi,Scrivinor,24
78,Scottie,Bullerwell,22
79,Calhoun,Assante,22
80,Margery,MacCauley,25
81,Marris,Colvine,25
82,Shane,Pickston,25
83,Marrissa,Poznan,24
84,Meaghan,Buchett,21
85,Leela,Bremeyer,25
86,Brunhilda,Karpushkin,23
87,Kalli,Plomer,21
88,Arnaldo,Baily,21
89,Thorn,Simoneschi,20
90,Atlante,Swallwell,24
91,Lazaro,Cud,20
92,Stacia,Gotmann,25
93,Terry,Higgonet,24
94,Chaim,Jinkin,24
95,Blanch,Stiven,23
96,Ber,Rothery,21
97,Winnah,O'Kielt,20
98,Ayn,Greve,24
99,Murdock,Upsale,25
100,Margit,Rastrick,23